予測ログID,レースID,レース名,開催日,予想日時,データ取得日時,コース,距離,馬場状態,出走頭数,勝負度,軸馬,相手馬,軸馬オッズ,バイアス履歴,モデルバージョン,確定フラグ,回収額,収支,メモ,投資額,オッズ状態,オッズ取得率,結果着順,結果払戻,結果取得日時
"=""202605040201-1ee1d44a724a""","=""202605040201""",レース_202605040201,2026-10-04,2026-10-03 15:14:55,2026-10-03 15:14:26,東京芝,1800m,良,12,★★☆,ダノンダックス,"オシゴリ, セールデュクール",1.3,なし,Ver.2.49,確定,0,-800,,800,当日確定,1.0,,,
"=""202605040211-6866cb547027""","=""202605040211""",レース_202605040211,2026-10-04,2026-10-03 17:36:33,2026-10-03 17:35:41,東京芝,1800m,良,17,★★☆,セイウンハーデス,"リアライズシリウス, レディネス",10.0,"前残り,内枠",Ver.2.49,確定,0,-600,,600,当日確定,1.0,1着 1番 セイウンハーデス / 2着 13番 ホウオウビスケッツ / 3着 3番 レディネス,"単勝 1 1,120円 5人気 / 複勝 1 13 3 400円 720円 590円 5人気 9人気 7人気 / 馬連 1 13 12,480円 34人気 / ワイド 1 13 1 3 3 13 2,820円 2,750円 5,180円 31人気 30人気 51人気 / 馬単 1 13 24,340円 66人気 / 3連複 1 3 13 50,820円 133人気 / 3連単 1 13 3 347,930円 764人気",2026-10-04 08:28:47
"=""202605040211-b2b0de14a350""","=""202605040211""",レース_202605040211,2026-10-04,2026-10-03 17:38:43,2026-10-03 17:35:41,東京芝,1800m,良,17,★★☆,セイウンハーデス,"リアライズシリウス, レディネス",10.0,"前残り,内枠",Ver.2.49,確定,0,-9600,,9600,当日確定,1.0,1着 1番 セイウンハーデス / 2着 13番 ホウオウビスケッツ / 3着 3番 レディネス,"単勝 1 1,120円 5人気 / 複勝 1 13 3 400円 720円 590円 5人気 9人気 7人気 / 馬連 1 13 12,480円 34人気 / ワイド 1 13 1 3 3 13 2,820円 2,750円 5,180円 31人気 30人気 51人気 / 馬単 1 13 24,340円 66人気 / 3連複 1 3 13 50,820円 133人気 / 3連単 1 13 3 347,930円 764人気",2026-10-04 08:28:47
"=""202605040211-d45d2f1bd714""","=""202605040211""",レース_202605040211,2026-10-04,2026-10-03 17:40:13,2026-10-03 17:35:41,東京芝,1800m,良,17,★★☆,セイウンハーデス,"リアライズシリウス, レディネス",10.0,"前残り,グリーンベルト",Ver.2.49,確定,0,-9600,,9600,当日確定,1.0,1着 1番 セイウンハーデス / 2着 13番 ホウオウビスケッツ / 3着 3番 レディネス,"単勝 1 1,120円 5人気 / 複勝 1 13 3 400円 720円 590円 5人気 9人気 7人気 / 馬連 1 13 12,480円 34人気 / ワイド 1 13 1 3 3 13 2,820円 2,750円 5,180円 31人気 30人気 51人気 / 馬単 1 13 24,340円 66人気 / 3連複 1 3 13 50,820円 133人気 / 3連単 1 13 3 347,930円 764人気",2026-10-04 08:28:47
"=""202605040211-d943505cce2f""","=""202605040211""",レース_202605040211,2026-10-04,2026-10-03 17:42:28,2026-10-03 17:35:41,東京芝,1800m,良,17,★★☆,セイウンハーデス,"ダノンエアズロック, ホウオウビスケッツ",10.0,"前残り,外差し,グリーンベルト",Ver.2.49,確定,0,-9600,,9600,当日確定,1.0,1着 1番 セイウンハーデス / 2着 13番 ホウオウビスケッツ / 3着 3番 レディネス,"単勝 1 1,120円 5人気 / 複勝 1 13 3 400円 720円 590円 5人気 9人気 7人気 / 馬連 1 13 12,480円 34人気 / ワイド 1 13 1 3 3 13 2,820円 2,750円 5,180円 31人気 30人気 51人気 / 馬単 1 13 24,340円 66人気 / 3連複 1 3 13 50,820円 133人気 / 3連単 1 13 3 347,930円 764人気",2026-10-04 08:28:47
"=""202605040211-e8a27181b00c""","=""202605040211""",レース_202605040211,2026-10-04,2026-10-04 04:01:10,2026-10-04 04:00:17,東京芝,1800m,良,17,★★☆,セイウンハーデス,"リアライズシリウス, レディネス",10.3,"前残り,内枠",Ver.2.49,確定,61920,52320,"払戻自動照合: 単勝 1: 払戻1,120円/100円 × 購入1,600円 = 17,920円 / ワイド 1-3: 払戻2,750円/100円 × 購入1,600円 = 44,000円",9600,当日確定,1.0,1着 1番 セイウンハーデス / 2着 13番 ホウオウビスケッツ / 3着 3番 レディネス,"単勝 1 1,120円 5人気 / 複勝 1 13 3 400円 720円 590円 5人気 9人気 7人気 / 馬連 1 13 12,480円 34人気 / ワイド 1 13 1 3 3 13 2,820円 2,750円 5,180円 31人気 30人気 51人気 / 馬単 1 13 24,340円 66人気 / 3連複 1 3 13 50,820円 133人気 / 3連単 1 13 3 347,930円 764人気",2026-10-04 08:28:47
"=""202605040210-ea3ec6368ee3""","=""202605040210""",レース_202605040210,2026-10-04,2026-10-04 05:33:33,2026-10-04 05:33:13,東京ダート,1600m,良,16,★★☆,スニーカースキル,"トウカイポワール, ターコイズフリンジ",15.0,"内枠,外差し",Ver.2.49,確定,0,-5000,払戻自動照合: 的中買い目なし,5000,当日確定,1.0,1着 6番 クールブロン / 2着 5番 オンザムービー / 3着 8番 ルグランヴァン,"単勝 6 3,150円 8人気 / 複勝 6 5 8 510円 130円 190円 9人気 1人気 3人気 / 馬連 5 6 4,450円 15人気 / ワイド 5 6 6 8 5 8 1,390円 2,250円 320円 15人気 26人気 1人気 / 馬単 6 5 12,810円 37人気 / 3連複 5 6 8 6,550円 19人気 / 3連単 6 5 8 75,000円 214人気",2026-10-04 08:28:19
"=""202605040210-c60a35cd455e""","=""202605040210""",レース_202605040210,2026-10-04,2026-10-04 05:42:21,2026-10-04 05:40:29,東京ダート,1600m,良,16,★★☆,スニーカースキル,"トウカイポワール, ターコイズフリンジ",14.6,"内枠,外差し",Ver.2.49,確定,0,-3000,払戻自動照合: 的中買い目なし,3000,当日確定,1.0,1着 6番 クールブロン / 2着 5番 オンザムービー / 3着 8番 ルグランヴァン,"単勝 6 3,150円 8人気 / 複勝 6 5 8 510円 130円 190円 9人気 1人気 3人気 / 馬連 5 6 4,450円 15人気 / ワイド 5 6 6 8 5 8 1,390円 2,250円 320円 15人気 26人気 1人気 / 馬単 6 5 12,810円 37人気 / 3連複 5 6 8 6,550円 19人気 / 3連単 6 5 8 75,000円 214人気",2026-10-04 08:28:19
"=""202608040210-501b57d17a72""","=""202608040210""",レース_202608040210,2026-10-04,2026-10-04 05:43:50,2026-10-04 05:43:29,京都ダート,1200m,良,16,★★☆,ロードアウォード,"ゼットエール, アガシ",18.4,"前残り,内枠,外差し",Ver.2.49,確定,20020,17020,"払戻自動照合: ワイド 15-14: 払戻1,540円/100円 × 購入1,300円 = 20,020円",3000,当日確定,1.0,1着 14番 ゼットエール / 2着 15番 ルージュラナキラ / 3着 7番 メイショウホウレン,"単勝 14 310円 1人気 / 複勝 14 15 7 150円 450円 180円 1人気 9人気 2人気 / 馬連 14 15 3,720円 13人気 / ワイド 14 15 7 14 7 15 1,540円 430円 2,050円 17人気 1人気 28人気 / 馬単 14 15 5,560円 16人気 / 3連複 7 14 15 6,330円 17人気 / 3連単 14 15 7 33,270円 72人気",2026-10-04 08:30:17
"=""202608040211-3928b6812cc2""","=""202608040211""",レース_202608040211,2026-10-04,2026-10-04 05:45:05,2026-10-04 05:44:29,京都芝,2400m,良,18,★★☆,ウエストナウ,"ダノンシーマ, メイショウブレゲ",9.7,"内枠,外差し,グリーンベルト",Ver.2.49,確定,0,-3000,払戻自動照合: 的中買い目なし,3000,当日確定,1.0,1着 12番 エコロディノス / 2着 10番 マイネルエンペラー / 3着 6番 アクアヴァーナル,"単勝 12 2,900円 11人気 / 複勝 12 10 6 850円 510円 210円 13人気 7人気 2人気 / 馬連 10 12 19,520円 58人気 / ワイド 10 12 6 12 6 10 5,150円 4,080円 2,530円 58人気 45人気 30人気 / 馬単 12 10 37,490円 118人気 / 3連複 6 10 12 55,890円 180人気 / 3連単 12 10 6 357,300円 1,075人気",2026-10-04 08:29:55
"=""202608040212-0930158a8423""","=""202608040212""",レース_202608040212,2026-10-04,2026-10-04 05:46:23,2026-10-04 05:45:42,京都芝,1200m,良,18,★★☆,ファイツオン,"スイミーユニバンス, ジュルナール",27.5,"内枠,外差し,グリーンベルト",Ver.2.49,確定,0,-3000,払戻自動照合: 的中買い目なし,3000,当日確定,1.0,1着 11番 アイニードユー / 2着 2番 スイミーユニバンス / 3着 14番 マーゴットミスト,"単勝 11 220円 1人気 / 複勝 11 2 14 140円 1,480円 310円 1人気 15人気 5人気 / 馬連 2 11 7,420円 22人気 / ワイド 2 11 11 14 2 14 2,690円 600円 5,620円 28人気 3人気 55人気 / 馬単 11 2 10,310円 31人気 / 3連複 2 11 14 14,780円 47人気 / 3連単 11 2 14 76,110円 216人気",2026-10-04 08:29:36
"=""202605040212-fe7d84034f2f""","=""202605040212""",レース_202605040212,2026-10-04,2026-10-04 05:49:04,2026-10-04 05:48:49,東京ダート,1600m,良,16,★★★,ジオパーククラウン,"ファイアマン, ロケットパンチ",68.2,"内枠,外差し,グリーンベルト",Ver.2.49,確定,0,-3000,払戻自動照合: 的中買い目なし,3000,当日確定,1.0,1着 7番 ザーフィル / 2着 16番 ファイアマン / 3着 10番 パイシャオピン,"単勝 7 200円 1人気 / 複勝 7 16 10 110円 140円 210円 1人気 2人気 3人気 / 馬連 7 16 400円 1人気 / ワイド 7 16 7 10 10 16 230円 490円 610円 1人気 4人気 6人気 / 馬単 7 16 620円 1人気 / 3連複 7 10 16 1,600円 2人気 / 3連単 7 16 10 4,440円 4人気",2026-10-04 08:29:13
